source,orderIndex,globalIndex,meanLoss,BEAR_SATIETY_DECAY_PER_TICK,BEAR_HIBERNATION_SATIETY_DECAY_MULTIPLIER,BEAR_LITTER_SIZE_MEAN,BEAR_INFANT_MORTALITY_AT_BIRTH,BEAR_DANGER_DEATH_RATE_PER_TICK,BEAR_REPRODUCTION_COOLDOWN_YEARS,replicateCount,meanPopulation,populationCV,extinctRate,perCapitaBirthRate,meanSatiety,starvationShare,oldAgeShare,elapsedMillis
LHS,0,-1,42.4422,0.000694505,0.190098,2.49797,0.174836,2.85697e-05,3.00408,2,2847.18,0.467980,0.00000,0.175833,0.680610,0.00614332,0.0284820,454811
LHS,1,-1,107.696,0.00104969,0.449838,2.64326,0.207317,1.55533e-05,2.90550,2,0.00000,0.00000,1.00000,0.00000,0.00000,0.00000,0.00000,976
LHS,2,-1,33.1422,0.000566396,0.416736,2.12939,0.363474,2.10852e-05,2.03176,2,286.776,0.0529958,0.00000,0.0980878,0.871308,0.100282,0.180873,62121
LHS,3,-1,58.2480,0.000523906,0.486007,2.52360,0.225580,2.53221e-05,3.91079,2,69.4081,0.554177,0.00000,0.00000,0.867298,0.00000,0.527627,33549
LHS,4,-1,107.696,0.00122876,0.346420,2.56431,0.177677,9.62922e-06,3.41560,2,0.00000,0.00000,1.00000,0.00000,0.00000,0.00000,0.00000,1254
LHS,5,-1,10.4163,0.00112527,0.152184,2.27614,0.311910,1.77417e-05,3.81003,2,835.395,0.0968666,0.00000,0.112662,0.807850,0.386758,0.0702654,138851
LHS,6,-1,13.6267,0.000752796,0.272001,1.85097,0.385040,3.04480e-05,2.43822,2,726.965,0.0416597,0.00000,0.122071,0.840589,0.246102,0.0697584,127184
LHS,7,-1,16.6250,0.000603067,0.283424,1.65816,0.418115,2.64857e-05,3.60739,2,670.348,0.0554287,0.00000,0.0901693,0.862090,0.104629,0.153692,119944
LHS,8,-1,106.102,0.00128607,0.257908,2.24241,0.390113,2.79029e-05,3.28554,2,0.932454,0.0916644,1.00000,0.00000,0.413272,0.250000,0.250000,4933
LHS,9,-1,107.696,0.000934825,0.511178,1.96314,0.287931,7.44244e-06,3.19601,2,0.00000,0.00000,1.00000,0.00000,0.00000,0.00000,0.00000,842
LHS,10,-1,107.696,0.00140874,0.386489,2.71152,0.324893,8.87301e-06,3.69538,2,0.00000,0.00000,1.00000,0.00000,0.00000,0.00000,0.00000,394
LHS,11,-1,5.80699,0.000962273,0.170415,2.36278,0.437224,2.29317e-05,2.14126,2,1014.65,0.0727631,0.00000,0.120342,0.784332,0.251417,0.0567524,173376
LHS,12,-1,107.696,0.000747763,0.465743,1.74009,0.344348,3.14471e-05,3.96570,2,0.00000,0.00000,1.00000,0.00000,0.00000,0.00000,0.00000,1821
LHS,13,-1,107.696,0.000857901,0.536407,2.75136,0.191541,1.96605e-05,3.53502,2,0.00000,0.00000,1.00000,0.00000,0.00000,0.00000,0.00000,993
