refineRound,iteration,operation,bestLoss,worstLoss,simplexExtent,bestParamsJson
0,0,iter,3.01632,10.1049,0.100000,"{""BEAR_SATIETY_DECAY_PER_TICK"":0.000924401,""BEAR_HIBERNATION_SATIETY_DECAY_MULTIPLIER"":0.209054,""BEAR_LITTER_SIZE_MEAN"":2.29872,""BEAR_INFANT_MORTALITY_AT_BIRTH"":0.237266,""BEAR_DANGER_DEATH_RATE_PER_TICK"":8.18810e-06,""BEAR_REPRODUCTION_COOLDOWN_YEARS"":2.75701}"
0,0,reflect,3.01632,5.62267,0.100000,"{""BEAR_SATIETY_DECAY_PER_TICK"":0.000924401,""BEAR_HIBERNATION_SATIETY_DECAY_MULTIPLIER"":0.209054,""BEAR_LITTER_SIZE_MEAN"":2.29872,""BEAR_INFANT_MORTALITY_AT_BIRTH"":0.237266,""BEAR_DANGER_DEATH_RATE_PER_TICK"":8.18810e-06,""BEAR_REPRODUCTION_COOLDOWN_YEARS"":2.75701}"
0,1,iter,3.01632,9.96374,0.100000,"{""BEAR_SATIETY_DECAY_PER_TICK"":0.000924401,""BEAR_HIBERNATION_SATIETY_DECAY_MULTIPLIER"":0.209054,""BEAR_LITTER_SIZE_MEAN"":2.29872,""BEAR_INFANT_MORTALITY_AT_BIRTH"":0.237266,""BEAR_DANGER_DEATH_RATE_PER_TICK"":8.18810e-06,""BEAR_REPRODUCTION_COOLDOWN_YEARS"":2.75701}"
0,1,reflect,3.01632,4.08786,0.100000,"{""BEAR_SATIETY_DECAY_PER_TICK"":0.000924401,""BEAR_HIBERNATION_SATIETY_DECAY_MULTIPLIER"":0.209054,""BEAR_LITTER_SIZE_MEAN"":2.29872,""BEAR_INFANT_MORTALITY_AT_BIRTH"":0.237266,""BEAR_DANGER_DEATH_RATE_PER_TICK"":8.18810e-06,""BEAR_REPRODUCTION_COOLDOWN_YEARS"":2.75701}"
0,2,iter,3.01632,9.33219,0.122222,"{""BEAR_SATIETY_DECAY_PER_TICK"":0.000924401,""BEAR_HIBERNATION_SATIETY_DECAY_MULTIPLIER"":0.209054,""BEAR_LITTER_SIZE_MEAN"":2.29872,""BEAR_INFANT_MORTALITY_AT_BIRTH"":0.237266,""BEAR_DANGER_DEATH_RATE_PER_TICK"":8.18810e-06,""BEAR_REPRODUCTION_COOLDOWN_YEARS"":2.75701}"
0,2,reflect,3.01632,3.89935,0.122222,"{""BEAR_SATIETY_DECAY_PER_TICK"":0.000924401,""BEAR_HIBERNATION_SATIETY_DECAY_MULTIPLIER"":0.209054,""BEAR_LITTER_SIZE_MEAN"":2.29872,""BEAR_INFANT_MORTALITY_AT_BIRTH"":0.237266,""BEAR_DANGER_DEATH_RATE_PER_TICK"":8.18810e-06,""BEAR_REPRODUCTION_COOLDOWN_YEARS"":2.75701}"
0,3,iter,3.01632,8.31897,0.122222,"{""BEAR_SATIETY_DECAY_PER_TICK"":0.000924401,""BEAR_HIBERNATION_SATIETY_DECAY_MULTIPLIER"":0.209054,""BEAR_LITTER_SIZE_MEAN"":2.29872,""BEAR_INFANT_MORTALITY_AT_BIRTH"":0.237266,""BEAR_DANGER_DEATH_RATE_PER_TICK"":8.18810e-06,""BEAR_REPRODUCTION_COOLDOWN_YEARS"":2.75701}"
0,3,contract,3.01632,5.89815,0.122222,"{""BEAR_SATIETY_DECAY_PER_TICK"":0.000924401,""BEAR_HIBERNATION_SATIETY_DECAY_MULTIPLIER"":0.209054,""BEAR_LITTER_SIZE_MEAN"":2.29872,""BEAR_INFANT_MORTALITY_AT_BIRTH"":0.237266,""BEAR_DANGER_DEATH_RATE_PER_TICK"":8.18810e-06,""BEAR_REPRODUCTION_COOLDOWN_YEARS"":2.75701}"
0,4,iter,3.01632,7.88764,0.122222,"{""BEAR_SATIETY_DECAY_PER_TICK"":0.000924401,""BEAR_HIBERNATION_SATIETY_DECAY_MULTIPLIER"":0.209054,""BEAR_LITTER_SIZE_MEAN"":2.29872,""BEAR_INFANT_MORTALITY_AT_BIRTH"":0.237266,""BEAR_DANGER_DEATH_RATE_PER_TICK"":8.18810e-06,""BEAR_REPRODUCTION_COOLDOWN_YEARS"":2.75701}"
0,4,contract,3.01632,6.70118,0.122222,"{""BEAR_SATIETY_DECAY_PER_TICK"":0.000924401,""BEAR_HIBERNATION_SATIETY_DECAY_MULTIPLIER"":0.209054,""BEAR_LITTER_SIZE_MEAN"":2.29872,""BEAR_INFANT_MORTALITY_AT_BIRTH"":0.237266,""BEAR_DANGER_DEATH_RATE_PER_TICK"":8.18810e-06,""BEAR_REPRODUCTION_COOLDOWN_YEARS"":2.75701}"
0,5,iter,3.01632,6.70118,0.122222,"{""BEAR_SATIETY_DECAY_PER_TICK"":0.000924401,""BEAR_HIBERNATION_SATIETY_DECAY_MULTIPLIER"":0.209054,""BEAR_LITTER_SIZE_MEAN"":2.29872,""BEAR_INFANT_MORTALITY_AT_BIRTH"":0.237266,""BEAR_DANGER_DEATH_RATE_PER_TICK"":8.18810e-06,""BEAR_REPRODUCTION_COOLDOWN_YEARS"":2.75701}"
0,5,reflect,3.01632,4.76186,0.122222,"{""BEAR_SATIETY_DECAY_PER_TICK"":0.000924401,""BEAR_HIBERNATION_SATIETY_DECAY_MULTIPLIER"":0.209054,""BEAR_LITTER_SIZE_MEAN"":2.29872,""BEAR_INFANT_MORTALITY_AT_BIRTH"":0.237266,""BEAR_DANGER_DEATH_RATE_PER_TICK"":8.18810e-06,""BEAR_REPRODUCTION_COOLDOWN_YEARS"":2.75701}"
0,6,iter,3.01632,5.89815,0.122222,"{""BEAR_SATIETY_DECAY_PER_TICK"":0.000924401,""BEAR_HIBERNATION_SATIETY_DECAY_MULTIPLIER"":0.209054,""BEAR_LITTER_SIZE_MEAN"":2.29872,""BEAR_INFANT_MORTALITY_AT_BIRTH"":0.237266,""BEAR_DANGER_DEATH_RATE_PER_TICK"":8.18810e-06,""BEAR_REPRODUCTION_COOLDOWN_YEARS"":2.75701}"
0,6,contract,3.01632,5.04649,0.122222,"{""BEAR_SATIETY_DECAY_PER_TICK"":0.000924401,""BEAR_HIBERNATION_SATIETY_DECAY_MULTIPLIER"":0.209054,""BEAR_LITTER_SIZE_MEAN"":2.29872,""BEAR_INFANT_MORTALITY_AT_BIRTH"":0.237266,""BEAR_DANGER_DEATH_RATE_PER_TICK"":8.18810e-06,""BEAR_REPRODUCTION_COOLDOWN_YEARS"":2.75701}"
0,7,iter,3.01632,5.62267,0.122222,"{""BEAR_SATIETY_DECAY_PER_TICK"":0.000924401,""BEAR_HIBERNATION_SATIETY_DECAY_MULTIPLIER"":0.209054,""BEAR_LITTER_SIZE_MEAN"":2.29872,""BEAR_INFANT_MORTALITY_AT_BIRTH"":0.237266,""BEAR_DANGER_DEATH_RATE_PER_TICK"":8.18810e-06,""BEAR_REPRODUCTION_COOLDOWN_YEARS"":2.75701}"
0,7,contract,3.01632,5.08148,0.122222,"{""BEAR_SATIETY_DECAY_PER_TICK"":0.000924401,""BEAR_HIBERNATION_SATIETY_DECAY_MULTIPLIER"":0.209054,""BEAR_LITTER_SIZE_MEAN"":2.29872,""BEAR_INFANT_MORTALITY_AT_BIRTH"":0.237266,""BEAR_DANGER_DEATH_RATE_PER_TICK"":8.18810e-06,""BEAR_REPRODUCTION_COOLDOWN_YEARS"":2.75701}"
0,0,iter,3.01632,10.1049,0.100000,"{""BEAR_SATIETY_DECAY_PER_TICK"":0.000924401,""BEAR_HIBERNATION_SATIETY_DECAY_MULTIPLIER"":0.209054,""BEAR_LITTER_SIZE_MEAN"":2.29872,""BEAR_INFANT_MORTALITY_AT_BIRTH"":0.237266,""BEAR_DANGER_DEATH_RATE_PER_TICK"":8.18810e-06,""BEAR_REPRODUCTION_COOLDOWN_YEARS"":2.75701}"
0,0,reflect,3.01632,6.13294,0.100000,"{""BEAR_SATIETY_DECAY_PER_TICK"":0.000924401,""BEAR_HIBERNATION_SATIETY_DECAY_MULTIPLIER"":0.209054,""BEAR_LITTER_SIZE_MEAN"":2.29872,""BEAR_INFANT_MORTALITY_AT_BIRTH"":0.237266,""BEAR_DANGER_DEATH_RATE_PER_TICK"":8.18810e-06,""BEAR_REPRODUCTION_COOLDOWN_YEARS"":2.75701}"
0,1,iter,3.01632,9.96374,0.100000,"{""BEAR_SATIETY_DECAY_PER_TICK"":0.000924401,""BEAR_HIBERNATION_SATIETY_DECAY_MULTIPLIER"":0.209054,""BEAR_LITTER_SIZE_MEAN"":2.29872,""BEAR_INFANT_MORTALITY_AT_BIRTH"":0.237266,""BEAR_DANGER_DEATH_RATE_PER_TICK"":8.18810e-06,""BEAR_REPRODUCTION_COOLDOWN_YEARS"":2.75701}"
0,1,reflect,3.01632,4.26266,0.100000,"{""BEAR_SATIETY_DECAY_PER_TICK"":0.000924401,""BEAR_HIBERNATION_SATIETY_DECAY_MULTIPLIER"":0.209054,""BEAR_LITTER_SIZE_MEAN"":2.29872,""BEAR_INFANT_MORTALITY_AT_BIRTH"":0.237266,""BEAR_DANGER_DEATH_RATE_PER_TICK"":8.18810e-06,""BEAR_REPRODUCTION_COOLDOWN_YEARS"":2.75701}"
0,2,iter,3.01632,9.33219,0.122222,"{""BEAR_SATIETY_DECAY_PER_TICK"":0.000924401,""BEAR_HIBERNATION_SATIETY_DECAY_MULTIPLIER"":0.209054,""BEAR_LITTER_SIZE_MEAN"":2.29872,""BEAR_INFANT_MORTALITY_AT_BIRTH"":0.237266,""BEAR_DANGER_DEATH_RATE_PER_TICK"":8.18810e-06,""BEAR_REPRODUCTION_COOLDOWN_YEARS"":2.75701}"
0,2,reflect,3.01632,3.89935,0.122222,"{""BEAR_SATIETY_DECAY_PER_TICK"":0.000924401,""BEAR_HIBERNATION_SATIETY_DECAY_MULTIPLIER"":0.209054,""BEAR_LITTER_SIZE_MEAN"":2.29872,""BEAR_INFANT_MORTALITY_AT_BIRTH"":0.237266,""BEAR_DANGER_DEATH_RATE_PER_TICK"":8.18810e-06,""BEAR_REPRODUCTION_COOLDOWN_YEARS"":2.75701}"
0,3,iter,3.01632,8.31897,0.122222,"{""BEAR_SATIETY_DECAY_PER_TICK"":0.000924401,""BEAR_HIBERNATION_SATIETY_DECAY_MULTIPLIER"":0.209054,""BEAR_LITTER_SIZE_MEAN"":2.29872,""BEAR_INFANT_MORTALITY_AT_BIRTH"":0.237266,""BEAR_DANGER_DEATH_RATE_PER_TICK"":8.18810e-06,""BEAR_REPRODUCTION_COOLDOWN_YEARS"":2.75701}"
0,3,contract,3.01632,7.37675,0.122222,"{""BEAR_SATIETY_DECAY_PER_TICK"":0.000924401,""BEAR_HIBERNATION_SATIETY_DECAY_MULTIPLIER"":0.209054,""BEAR_LITTER_SIZE_MEAN"":2.29872,""BEAR_INFANT_MORTALITY_AT_BIRTH"":0.237266,""BEAR_DANGER_DEATH_RATE_PER_TICK"":8.18810e-06,""BEAR_REPRODUCTION_COOLDOWN_YEARS"":2.75701}"
0,4,iter,3.01632,7.88764,0.122222,"{""BEAR_SATIETY_DECAY_PER_TICK"":0.000924401,""BEAR_HIBERNATION_SATIETY_DECAY_MULTIPLIER"":0.209054,""BEAR_LITTER_SIZE_MEAN"":2.29872,""BEAR_INFANT_MORTALITY_AT_BIRTH"":0.237266,""BEAR_DANGER_DEATH_RATE_PER_TICK"":8.18810e-06,""BEAR_REPRODUCTION_COOLDOWN_YEARS"":2.75701}"
0,4,contract,3.01632,5.23691,0.122222,"{""BEAR_SATIETY_DECAY_PER_TICK"":0.000924401,""BEAR_HIBERNATION_SATIETY_DECAY_MULTIPLIER"":0.209054,""BEAR_LITTER_SIZE_MEAN"":2.29872,""BEAR_INFANT_MORTALITY_AT_BIRTH"":0.237266,""BEAR_DANGER_DEATH_RATE_PER_TICK"":8.18810e-06,""BEAR_REPRODUCTION_COOLDOWN_YEARS"":2.75701}"
0,5,iter,3.01632,7.37675,0.122222,"{""BEAR_SATIETY_DECAY_PER_TICK"":0.000924401,""BEAR_HIBERNATION_SATIETY_DECAY_MULTIPLIER"":0.209054,""BEAR_LITTER_SIZE_MEAN"":2.29872,""BEAR_INFANT_MORTALITY_AT_BIRTH"":0.237266,""BEAR_DANGER_DEATH_RATE_PER_TICK"":8.18810e-06,""BEAR_REPRODUCTION_COOLDOWN_YEARS"":2.75701}"
0,5,reflect,3.01632,5.56512,0.122222,"{""BEAR_SATIETY_DECAY_PER_TICK"":0.000924401,""BEAR_HIBERNATION_SATIETY_DECAY_MULTIPLIER"":0.209054,""BEAR_LITTER_SIZE_MEAN"":2.29872,""BEAR_INFANT_MORTALITY_AT_BIRTH"":0.237266,""BEAR_DANGER_DEATH_RATE_PER_TICK"":8.18810e-06,""BEAR_REPRODUCTION_COOLDOWN_YEARS"":2.75701}"
0,6,iter,3.01632,6.13294,0.122222,"{""BEAR_SATIETY_DECAY_PER_TICK"":0.000924401,""BEAR_HIBERNATION_SATIETY_DECAY_MULTIPLIER"":0.209054,""BEAR_LITTER_SIZE_MEAN"":2.29872,""BEAR_INFANT_MORTALITY_AT_BIRTH"":0.237266,""BEAR_DANGER_DEATH_RATE_PER_TICK"":8.18810e-06,""BEAR_REPRODUCTION_COOLDOWN_YEARS"":2.75701}"
0,6,contract,3.01632,4.75973,0.122222,"{""BEAR_SATIETY_DECAY_PER_TICK"":0.000924401,""BEAR_HIBERNATION_SATIETY_DECAY_MULTIPLIER"":0.209054,""BEAR_LITTER_SIZE_MEAN"":2.29872,""BEAR_INFANT_MORTALITY_AT_BIRTH"":0.237266,""BEAR_DANGER_DEATH_RATE_PER_TICK"":8.18810e-06,""BEAR_REPRODUCTION_COOLDOWN_YEARS"":2.75701}"
0,7,iter,3.01632,5.56512,0.100000,"{""BEAR_SATIETY_DECAY_PER_TICK"":0.000924401,""BEAR_HIBERNATION_SATIETY_DECAY_MULTIPLIER"":0.209054,""BEAR_LITTER_SIZE_MEAN"":2.29872,""BEAR_INFANT_MORTALITY_AT_BIRTH"":0.237266,""BEAR_DANGER_DEATH_RATE_PER_TICK"":8.18810e-06,""BEAR_REPRODUCTION_COOLDOWN_YEARS"":2.75701}"
0,7,contract,3.01632,3.91028,0.100000,"{""BEAR_SATIETY_DECAY_PER_TICK"":0.000924401,""BEAR_HIBERNATION_SATIETY_DECAY_MULTIPLIER"":0.209054,""BEAR_LITTER_SIZE_MEAN"":2.29872,""BEAR_INFANT_MORTALITY_AT_BIRTH"":0.237266,""BEAR_DANGER_DEATH_RATE_PER_TICK"":8.18810e-06,""BEAR_REPRODUCTION_COOLDOWN_YEARS"":2.75701}"
1,0,iter,48.0670,60.9166,0.100000,"{""BEAR_SATIETY_DECAY_PER_TICK"":0.000661843,""BEAR_HIBERNATION_SATIETY_DECAY_MULTIPLIER"":0.383134,""BEAR_LITTER_SIZE_MEAN"":1.71415,""BEAR_INFANT_MORTALITY_AT_BIRTH"":0.167836,""BEAR_DANGER_DEATH_RATE_PER_TICK"":1.59942e-05,""BEAR_REPRODUCTION_COOLDOWN_YEARS"":3.36106}"
1,0,expand,48.0670,26.9958,0.100000,"{""BEAR_SATIETY_DECAY_PER_TICK"":0.000661843,""BEAR_HIBERNATION_SATIETY_DECAY_MULTIPLIER"":0.383134,""BEAR_LITTER_SIZE_MEAN"":1.71415,""BEAR_INFANT_MORTALITY_AT_BIRTH"":0.167836,""BEAR_DANGER_DEATH_RATE_PER_TICK"":1.59942e-05,""BEAR_REPRODUCTION_COOLDOWN_YEARS"":3.36106}"
1,1,iter,26.9958,54.6836,0.100000,"{""BEAR_SATIETY_DECAY_PER_TICK"":0.000541843,""BEAR_HIBERNATION_SATIETY_DECAY_MULTIPLIER"":0.396467,""BEAR_LITTER_SIZE_MEAN"":1.75415,""BEAR_INFANT_MORTALITY_AT_BIRTH"":0.177836,""BEAR_DANGER_DEATH_RATE_PER_TICK"":1.71609e-05,""BEAR_REPRODUCTION_COOLDOWN_YEARS"":3.22773}"
1,1,expand,26.9958,4.13751,0.100000,"{""BEAR_SATIETY_DECAY_PER_TICK"":0.000541843,""BEAR_HIBERNATION_SATIETY_DECAY_MULTIPLIER"":0.396467,""BEAR_LITTER_SIZE_MEAN"":1.75415,""BEAR_INFANT_MORTALITY_AT_BIRTH"":0.177836,""BEAR_DANGER_DEATH_RATE_PER_TICK"":1.71609e-05,""BEAR_REPRODUCTION_COOLDOWN_YEARS"":3.22773}"
1,2,iter,4.13751,48.7365,0.122222,"{""BEAR_SATIETY_DECAY_PER_TICK"":0.000621843,""BEAR_HIBERNATION_SATIETY_DECAY_MULTIPLIER"":0.347578,""BEAR_LITTER_SIZE_MEAN"":1.76748,""BEAR_INFANT_MORTALITY_AT_BIRTH"":0.181169,""BEAR_DANGER_DEATH_RATE_PER_TICK"":1.75498e-05,""BEAR_REPRODUCTION_COOLDOWN_YEARS"":3.24995}"
1,2,reflect,4.13751,21.1778,0.122222,"{""BEAR_SATIETY_DECAY_PER_TICK"":0.000621843,""BEAR_HIBERNATION_SATIETY_DECAY_MULTIPLIER"":0.347578,""BEAR_LITTER_SIZE_MEAN"":1.76748,""BEAR_INFANT_MORTALITY_AT_BIRTH"":0.181169,""BEAR_DANGER_DEATH_RATE_PER_TICK"":1.75498e-05,""BEAR_REPRODUCTION_COOLDOWN_YEARS"":3.24995}"
1,3,iter,4.13751,48.4971,0.122222,"{""BEAR_SATIETY_DECAY_PER_TICK"":0.000621843,""BEAR_HIBERNATION_SATIETY_DECAY_MULTIPLIER"":0.347578,""BEAR_LITTER_SIZE_MEAN"":1.76748,""BEAR_INFANT_MORTALITY_AT_BIRTH"":0.181169,""BEAR_DANGER_DEATH_RATE_PER_TICK"":1.75498e-05,""BEAR_REPRODUCTION_COOLDOWN_YEARS"":3.24995}"
1,3,expand,4.13751,2.71629,0.122222,"{""BEAR_SATIETY_DECAY_PER_TICK"":0.000621843,""BEAR_HIBERNATION_SATIETY_DECAY_MULTIPLIER"":0.347578,""BEAR_LITTER_SIZE_MEAN"":1.76748,""BEAR_INFANT_MORTALITY_AT_BIRTH"":0.181169,""BEAR_DANGER_DEATH_RATE_PER_TICK"":1.75498e-05,""BEAR_REPRODUCTION_COOLDOWN_YEARS"":3.24995}"
1,4,iter,2.71629,48.4672,0.122222,"{""BEAR_SATIETY_DECAY_PER_TICK"":0.000590732,""BEAR_HIBERNATION_SATIETY_DECAY_MULTIPLIER"":0.373257,""BEAR_LITTER_SIZE_MEAN"":1.71563,""BEAR_INFANT_MORTALITY_AT_BIRTH"":0.151540,""BEAR_DANGER_DEATH_RATE_PER_TICK"":1.87596e-05,""BEAR_REPRODUCTION_COOLDOWN_YEARS"":3.31908}"
1,4,reflect,2.71629,33.2337,0.122222,"{""BEAR_SATIETY_DECAY_PER_TICK"":0.000590732,""BEAR_HIBERNATION_SATIETY_DECAY_MULTIPLIER"":0.373257,""BEAR_LITTER_SIZE_MEAN"":1.71563,""BEAR_INFANT_MORTALITY_AT_BIRTH"":0.151540,""BEAR_DANGER_DEATH_RATE_PER_TICK"":1.87596e-05,""BEAR_REPRODUCTION_COOLDOWN_YEARS"":3.31908}"
1,5,iter,2.71629,48.4196,0.122222,"{""BEAR_SATIETY_DECAY_PER_TICK"":0.000590732,""BEAR_HIBERNATION_SATIETY_DECAY_MULTIPLIER"":0.373257,""BEAR_LITTER_SIZE_MEAN"":1.71563,""BEAR_INFANT_MORTALITY_AT_BIRTH"":0.151540,""BEAR_DANGER_DEATH_RATE_PER_TICK"":1.87596e-05,""BEAR_REPRODUCTION_COOLDOWN_YEARS"":3.31908}"
1,5,contract,2.71629,45.2722,0.122222,"{""BEAR_SATIETY_DECAY_PER_TICK"":0.000590732,""BEAR_HIBERNATION_SATIETY_DECAY_MULTIPLIER"":0.373257,""BEAR_LITTER_SIZE_MEAN"":1.71563,""BEAR_INFANT_MORTALITY_AT_BIRTH"":0.151540,""BEAR_DANGER_DEATH_RATE_PER_TICK"":1.87596e-05,""BEAR_REPRODUCTION_COOLDOWN_YEARS"":3.31908}"
1,6,iter,2.71629,48.0670,0.122222,"{""BEAR_SATIETY_DECAY_PER_TICK"":0.000590732,""BEAR_HIBERNATION_SATIETY_DECAY_MULTIPLIER"":0.373257,""BEAR_LITTER_SIZE_MEAN"":1.71563,""BEAR_INFANT_MORTALITY_AT_BIRTH"":0.151540,""BEAR_DANGER_DEATH_RATE_PER_TICK"":1.87596e-05,""BEAR_REPRODUCTION_COOLDOWN_YEARS"":3.31908}"
1,6,contract,2.71629,43.8157,0.122222,"{""BEAR_SATIETY_DECAY_PER_TICK"":0.000590732,""BEAR_HIBERNATION_SATIETY_DECAY_MULTIPLIER"":0.373257,""BEAR_LITTER_SIZE_MEAN"":1.71563,""BEAR_INFANT_MORTALITY_AT_BIRTH"":0.151540,""BEAR_DANGER_DEATH_RATE_PER_TICK"":1.87596e-05,""BEAR_REPRODUCTION_COOLDOWN_YEARS"":3.31908}"
1,7,iter,2.71629,45.2722,0.122222,"{""BEAR_SATIETY_DECAY_PER_TICK"":0.000590732,""BEAR_HIBERNATION_SATIETY_DECAY_MULTIPLIER"":0.373257,""BEAR_LITTER_SIZE_MEAN"":1.71563,""BEAR_INFANT_MORTALITY_AT_BIRTH"":0.151540,""BEAR_DANGER_DEATH_RATE_PER_TICK"":1.87596e-05,""BEAR_REPRODUCTION_COOLDOWN_YEARS"":3.31908}"
1,7,contract,2.71629,25.0845,0.122222,"{""BEAR_SATIETY_DECAY_PER_TICK"":0.000590732,""BEAR_HIBERNATION_SATIETY_DECAY_MULTIPLIER"":0.373257,""BEAR_LITTER_SIZE_MEAN"":1.71563,""BEAR_INFANT_MORTALITY_AT_BIRTH"":0.151540,""BEAR_DANGER_DEATH_RATE_PER_TICK"":1.87596e-05,""BEAR_REPRODUCTION_COOLDOWN_YEARS"":3.31908}"
0,0,iter,3.01632,10.1049,0.100000,"{""BEAR_SATIETY_DECAY_PER_TICK"":0.000924401,""BEAR_HIBERNATION_SATIETY_DECAY_MULTIPLIER"":0.209054,""BEAR_LITTER_SIZE_MEAN"":2.29872,""BEAR_INFANT_MORTALITY_AT_BIRTH"":0.237266,""BEAR_DANGER_DEATH_RATE_PER_TICK"":8.18810e-06,""BEAR_REPRODUCTION_COOLDOWN_YEARS"":2.75701}"
0,0,reflect,3.01632,6.13294,0.100000,"{""BEAR_SATIETY_DECAY_PER_TICK"":0.000924401,""BEAR_HIBERNATION_SATIETY_DECAY_MULTIPLIER"":0.209054,""BEAR_LITTER_SIZE_MEAN"":2.29872,""BEAR_INFANT_MORTALITY_AT_BIRTH"":0.237266,""BEAR_DANGER_DEATH_RATE_PER_TICK"":8.18810e-06,""BEAR_REPRODUCTION_COOLDOWN_YEARS"":2.75701}"
0,1,iter,3.01632,9.96374,0.100000,"{""BEAR_SATIETY_DECAY_PER_TICK"":0.000924401,""BEAR_HIBERNATION_SATIETY_DECAY_MULTIPLIER"":0.209054,""BEAR_LITTER_SIZE_MEAN"":2.29872,""BEAR_INFANT_MORTALITY_AT_BIRTH"":0.237266,""BEAR_DANGER_DEATH_RATE_PER_TICK"":8.18810e-06,""BEAR_REPRODUCTION_COOLDOWN_YEARS"":2.75701}"
0,1,reflect,3.01632,4.26266,0.100000,"{""BEAR_SATIETY_DECAY_PER_TICK"":0.000924401,""BEAR_HIBERNATION_SATIETY_DECAY_MULTIPLIER"":0.209054,""BEAR_LITTER_SIZE_MEAN"":2.29872,""BEAR_INFANT_MORTALITY_AT_BIRTH"":0.237266,""BEAR_DANGER_DEATH_RATE_PER_TICK"":8.18810e-06,""BEAR_REPRODUCTION_COOLDOWN_YEARS"":2.75701}"
0,2,iter,3.01632,9.33219,0.122222,"{""BEAR_SATIETY_DECAY_PER_TICK"":0.000924401,""BEAR_HIBERNATION_SATIETY_DECAY_MULTIPLIER"":0.209054,""BEAR_LITTER_SIZE_MEAN"":2.29872,""BEAR_INFANT_MORTALITY_AT_BIRTH"":0.237266,""BEAR_DANGER_DEATH_RATE_PER_TICK"":8.18810e-06,""BEAR_REPRODUCTION_COOLDOWN_YEARS"":2.75701}"
0,2,reflect,3.01632,3.89935,0.122222,"{""BEAR_SATIETY_DECAY_PER_TICK"":0.000924401,""BEAR_HIBERNATION_SATIETY_DECAY_MULTIPLIER"":0.209054,""BEAR_LITTER_SIZE_MEAN"":2.29872,""BEAR_INFANT_MORTALITY_AT_BIRTH"":0.237266,""BEAR_DANGER_DEATH_RATE_PER_TICK"":8.18810e-06,""BEAR_REPRODUCTION_COOLDOWN_YEARS"":2.75701}"
0,3,iter,3.01632,8.31897,0.122222,"{""BEAR_SATIETY_DECAY_PER_TICK"":0.000924401,""BEAR_HIBERNATION_SATIETY_DECAY_MULTIPLIER"":0.209054,""BEAR_LITTER_SIZE_MEAN"":2.29872,""BEAR_INFANT_MORTALITY_AT_BIRTH"":0.237266,""BEAR_DANGER_DEATH_RATE_PER_TICK"":8.18810e-06,""BEAR_REPRODUCTION_COOLDOWN_YEARS"":2.75701}"
0,3,contract,3.01632,7.37675,0.122222,"{""BEAR_SATIETY_DECAY_PER_TICK"":0.000924401,""BEAR_HIBERNATION_SATIETY_DECAY_MULTIPLIER"":0.209054,""BEAR_LITTER_SIZE_MEAN"":2.29872,""BEAR_INFANT_MORTALITY_AT_BIRTH"":0.237266,""BEAR_DANGER_DEATH_RATE_PER_TICK"":8.18810e-06,""BEAR_REPRODUCTION_COOLDOWN_YEARS"":2.75701}"
0,4,iter,3.01632,7.88764,0.122222,"{""BEAR_SATIETY_DECAY_PER_TICK"":0.000924401,""BEAR_HIBERNATION_SATIETY_DECAY_MULTIPLIER"":0.209054,""BEAR_LITTER_SIZE_MEAN"":2.29872,""BEAR_INFANT_MORTALITY_AT_BIRTH"":0.237266,""BEAR_DANGER_DEATH_RATE_PER_TICK"":8.18810e-06,""BEAR_REPRODUCTION_COOLDOWN_YEARS"":2.75701}"
0,4,contract,3.01632,5.23691,0.122222,"{""BEAR_SATIETY_DECAY_PER_TICK"":0.000924401,""BEAR_HIBERNATION_SATIETY_DECAY_MULTIPLIER"":0.209054,""BEAR_LITTER_SIZE_MEAN"":2.29872,""BEAR_INFANT_MORTALITY_AT_BIRTH"":0.237266,""BEAR_DANGER_DEATH_RATE_PER_TICK"":8.18810e-06,""BEAR_REPRODUCTION_COOLDOWN_YEARS"":2.75701}"
0,5,iter,3.01632,7.37675,0.122222,"{""BEAR_SATIETY_DECAY_PER_TICK"":0.000924401,""BEAR_HIBERNATION_SATIETY_DECAY_MULTIPLIER"":0.209054,""BEAR_LITTER_SIZE_MEAN"":2.29872,""BEAR_INFANT_MORTALITY_AT_BIRTH"":0.237266,""BEAR_DANGER_DEATH_RATE_PER_TICK"":8.18810e-06,""BEAR_REPRODUCTION_COOLDOWN_YEARS"":2.75701}"
0,5,reflect,3.01632,5.56512,0.122222,"{""BEAR_SATIETY_DECAY_PER_TICK"":0.000924401,""BEAR_HIBERNATION_SATIETY_DECAY_MULTIPLIER"":0.209054,""BEAR_LITTER_SIZE_MEAN"":2.29872,""BEAR_INFANT_MORTALITY_AT_BIRTH"":0.237266,""BEAR_DANGER_DEATH_RATE_PER_TICK"":8.18810e-06,""BEAR_REPRODUCTION_COOLDOWN_YEARS"":2.75701}"
0,6,iter,3.01632,6.13294,0.122222,"{""BEAR_SATIETY_DECAY_PER_TICK"":0.000924401,""BEAR_HIBERNATION_SATIETY_DECAY_MULTIPLIER"":0.209054,""BEAR_LITTER_SIZE_MEAN"":2.29872,""BEAR_INFANT_MORTALITY_AT_BIRTH"":0.237266,""BEAR_DANGER_DEATH_RATE_PER_TICK"":8.18810e-06,""BEAR_REPRODUCTION_COOLDOWN_YEARS"":2.75701}"
0,6,contract,3.01632,4.75973,0.122222,"{""BEAR_SATIETY_DECAY_PER_TICK"":0.000924401,""BEAR_HIBERNATION_SATIETY_DECAY_MULTIPLIER"":0.209054,""BEAR_LITTER_SIZE_MEAN"":2.29872,""BEAR_INFANT_MORTALITY_AT_BIRTH"":0.237266,""BEAR_DANGER_DEATH_RATE_PER_TICK"":8.18810e-06,""BEAR_REPRODUCTION_COOLDOWN_YEARS"":2.75701}"
0,7,iter,3.01632,5.56512,0.100000,"{""BEAR_SATIETY_DECAY_PER_TICK"":0.000924401,""BEAR_HIBERNATION_SATIETY_DECAY_MULTIPLIER"":0.209054,""BEAR_LITTER_SIZE_MEAN"":2.29872,""BEAR_INFANT_MORTALITY_AT_BIRTH"":0.237266,""BEAR_DANGER_DEATH_RATE_PER_TICK"":8.18810e-06,""BEAR_REPRODUCTION_COOLDOWN_YEARS"":2.75701}"
0,7,contract,3.01632,3.91028,0.100000,"{""BEAR_SATIETY_DECAY_PER_TICK"":0.000924401,""BEAR_HIBERNATION_SATIETY_DECAY_MULTIPLIER"":0.209054,""BEAR_LITTER_SIZE_MEAN"":2.29872,""BEAR_INFANT_MORTALITY_AT_BIRTH"":0.237266,""BEAR_DANGER_DEATH_RATE_PER_TICK"":8.18810e-06,""BEAR_REPRODUCTION_COOLDOWN_YEARS"":2.75701}"
1,0,iter,48.0670,60.9166,0.100000,"{""BEAR_SATIETY_DECAY_PER_TICK"":0.000661843,""BEAR_HIBERNATION_SATIETY_DECAY_MULTIPLIER"":0.383134,""BEAR_LITTER_SIZE_MEAN"":1.71415,""BEAR_INFANT_MORTALITY_AT_BIRTH"":0.167836,""BEAR_DANGER_DEATH_RATE_PER_TICK"":1.59942e-05,""BEAR_REPRODUCTION_COOLDOWN_YEARS"":3.36106}"
1,0,expand,48.0670,26.9958,0.100000,"{""BEAR_SATIETY_DECAY_PER_TICK"":0.000661843,""BEAR_HIBERNATION_SATIETY_DECAY_MULTIPLIER"":0.383134,""BEAR_LITTER_SIZE_MEAN"":1.71415,""BEAR_INFANT_MORTALITY_AT_BIRTH"":0.167836,""BEAR_DANGER_DEATH_RATE_PER_TICK"":1.59942e-05,""BEAR_REPRODUCTION_COOLDOWN_YEARS"":3.36106}"
1,1,iter,26.9958,54.6836,0.100000,"{""BEAR_SATIETY_DECAY_PER_TICK"":0.000541843,""BEAR_HIBERNATION_SATIETY_DECAY_MULTIPLIER"":0.396467,""BEAR_LITTER_SIZE_MEAN"":1.75415,""BEAR_INFANT_MORTALITY_AT_BIRTH"":0.177836,""BEAR_DANGER_DEATH_RATE_PER_TICK"":1.71609e-05,""BEAR_REPRODUCTION_COOLDOWN_YEARS"":3.22773}"
1,1,expand,26.9958,4.13751,0.100000,"{""BEAR_SATIETY_DECAY_PER_TICK"":0.000541843,""BEAR_HIBERNATION_SATIETY_DECAY_MULTIPLIER"":0.396467,""BEAR_LITTER_SIZE_MEAN"":1.75415,""BEAR_INFANT_MORTALITY_AT_BIRTH"":0.177836,""BEAR_DANGER_DEATH_RATE_PER_TICK"":1.71609e-05,""BEAR_REPRODUCTION_COOLDOWN_YEARS"":3.22773}"
1,2,iter,4.13751,48.7365,0.122222,"{""BEAR_SATIETY_DECAY_PER_TICK"":0.000621843,""BEAR_HIBERNATION_SATIETY_DECAY_MULTIPLIER"":0.347578,""BEAR_LITTER_SIZE_MEAN"":1.76748,""BEAR_INFANT_MORTALITY_AT_BIRTH"":0.181169,""BEAR_DANGER_DEATH_RATE_PER_TICK"":1.75498e-05,""BEAR_REPRODUCTION_COOLDOWN_YEARS"":3.24995}"
1,2,reflect,4.13751,21.1778,0.122222,"{""BEAR_SATIETY_DECAY_PER_TICK"":0.000621843,""BEAR_HIBERNATION_SATIETY_DECAY_MULTIPLIER"":0.347578,""BEAR_LITTER_SIZE_MEAN"":1.76748,""BEAR_INFANT_MORTALITY_AT_BIRTH"":0.181169,""BEAR_DANGER_DEATH_RATE_PER_TICK"":1.75498e-05,""BEAR_REPRODUCTION_COOLDOWN_YEARS"":3.24995}"
1,3,iter,4.13751,48.4971,0.122222,"{""BEAR_SATIETY_DECAY_PER_TICK"":0.000621843,""BEAR_HIBERNATION_SATIETY_DECAY_MULTIPLIER"":0.347578,""BEAR_LITTER_SIZE_MEAN"":1.76748,""BEAR_INFANT_MORTALITY_AT_BIRTH"":0.181169,""BEAR_DANGER_DEATH_RATE_PER_TICK"":1.75498e-05,""BEAR_REPRODUCTION_COOLDOWN_YEARS"":3.24995}"
1,3,expand,4.13751,2.71629,0.122222,"{""BEAR_SATIETY_DECAY_PER_TICK"":0.000621843,""BEAR_HIBERNATION_SATIETY_DECAY_MULTIPLIER"":0.347578,""BEAR_LITTER_SIZE_MEAN"":1.76748,""BEAR_INFANT_MORTALITY_AT_BIRTH"":0.181169,""BEAR_DANGER_DEATH_RATE_PER_TICK"":1.75498e-05,""BEAR_REPRODUCTION_COOLDOWN_YEARS"":3.24995}"
1,4,iter,2.71629,48.4672,0.122222,"{""BEAR_SATIETY_DECAY_PER_TICK"":0.000590732,""BEAR_HIBERNATION_SATIETY_DECAY_MULTIPLIER"":0.373257,""BEAR_LITTER_SIZE_MEAN"":1.71563,""BEAR_INFANT_MORTALITY_AT_BIRTH"":0.151540,""BEAR_DANGER_DEATH_RATE_PER_TICK"":1.87596e-05,""BEAR_REPRODUCTION_COOLDOWN_YEARS"":3.31908}"
1,4,reflect,2.71629,33.2337,0.122222,"{""BEAR_SATIETY_DECAY_PER_TICK"":0.000590732,""BEAR_HIBERNATION_SATIETY_DECAY_MULTIPLIER"":0.373257,""BEAR_LITTER_SIZE_MEAN"":1.71563,""BEAR_INFANT_MORTALITY_AT_BIRTH"":0.151540,""BEAR_DANGER_DEATH_RATE_PER_TICK"":1.87596e-05,""BEAR_REPRODUCTION_COOLDOWN_YEARS"":3.31908}"
1,5,iter,2.71629,48.4196,0.122222,"{""BEAR_SATIETY_DECAY_PER_TICK"":0.000590732,""BEAR_HIBERNATION_SATIETY_DECAY_MULTIPLIER"":0.373257,""BEAR_LITTER_SIZE_MEAN"":1.71563,""BEAR_INFANT_MORTALITY_AT_BIRTH"":0.151540,""BEAR_DANGER_DEATH_RATE_PER_TICK"":1.87596e-05,""BEAR_REPRODUCTION_COOLDOWN_YEARS"":3.31908}"
1,5,contract,2.71629,45.2722,0.122222,"{""BEAR_SATIETY_DECAY_PER_TICK"":0.000590732,""BEAR_HIBERNATION_SATIETY_DECAY_MULTIPLIER"":0.373257,""BEAR_LITTER_SIZE_MEAN"":1.71563,""BEAR_INFANT_MORTALITY_AT_BIRTH"":0.151540,""BEAR_DANGER_DEATH_RATE_PER_TICK"":1.87596e-05,""BEAR_REPRODUCTION_COOLDOWN_YEARS"":3.31908}"
1,6,iter,2.71629,48.0670,0.122222,"{""BEAR_SATIETY_DECAY_PER_TICK"":0.000590732,""BEAR_HIBERNATION_SATIETY_DECAY_MULTIPLIER"":0.373257,""BEAR_LITTER_SIZE_MEAN"":1.71563,""BEAR_INFANT_MORTALITY_AT_BIRTH"":0.151540,""BEAR_DANGER_DEATH_RATE_PER_TICK"":1.87596e-05,""BEAR_REPRODUCTION_COOLDOWN_YEARS"":3.31908}"
1,6,contract,2.71629,43.8157,0.122222,"{""BEAR_SATIETY_DECAY_PER_TICK"":0.000590732,""BEAR_HIBERNATION_SATIETY_DECAY_MULTIPLIER"":0.373257,""BEAR_LITTER_SIZE_MEAN"":1.71563,""BEAR_INFANT_MORTALITY_AT_BIRTH"":0.151540,""BEAR_DANGER_DEATH_RATE_PER_TICK"":1.87596e-05,""BEAR_REPRODUCTION_COOLDOWN_YEARS"":3.31908}"
1,7,iter,2.71629,45.2722,0.122222,"{""BEAR_SATIETY_DECAY_PER_TICK"":0.000590732,""BEAR_HIBERNATION_SATIETY_DECAY_MULTIPLIER"":0.373257,""BEAR_LITTER_SIZE_MEAN"":1.71563,""BEAR_INFANT_MORTALITY_AT_BIRTH"":0.151540,""BEAR_DANGER_DEATH_RATE_PER_TICK"":1.87596e-05,""BEAR_REPRODUCTION_COOLDOWN_YEARS"":3.31908}"
1,7,contract,2.71629,25.0845,0.122222,"{""BEAR_SATIETY_DECAY_PER_TICK"":0.000590732,""BEAR_HIBERNATION_SATIETY_DECAY_MULTIPLIER"":0.373257,""BEAR_LITTER_SIZE_MEAN"":1.71563,""BEAR_INFANT_MORTALITY_AT_BIRTH"":0.151540,""BEAR_DANGER_DEATH_RATE_PER_TICK"":1.87596e-05,""BEAR_REPRODUCTION_COOLDOWN_YEARS"":3.31908}"
