ageBinYears,count,fraction
0-1,519,0.0876689
1-2,565,0.0954392
2-3,496,0.0837838
3-4,427,0.0721284
4-5,349,0.0589527
5-6,253,0.0427365
6-7,254,0.0429054
7-8,233,0.0393581
8-9,235,0.0396959
9-10,180,0.0304054
10-11,156,0.0263514
11-12,165,0.0278716
12-13,156,0.0263514
13-14,160,0.0270270
14-15,103,0.0173986
15-16,116,0.0195946
16-17,117,0.0197635
17-18,91,0.0153716
18-19,90,0.0152027
19-20,93,0.0157095
20-21,87,0.0146959
21-22,101,0.0170608
22-23,89,0.0150338
23-24,75,0.0126689
24-25,79,0.0133446
25-26,89,0.0150338
26-27,82,0.0138514
27-28,60,0.0101351
28-29,81,0.0136824
29-30,73,0.0123311
30-31,66,0.0111486
31-32,280,0.0472973
